slug,name
(2),(1)
\,\
000724,000724
001939,001939
002081,002081
0120141,0120141
020134,020134
020158,020158
140652,140652
144902,144902
400333,400333
4976555858236776,4976555858236776
4976555858236779,4976555858236779
4976555858236780,4976555858236780
4976555858236781,4976555858236781
4976555858236782,4976555858236782
4976555858236783,4976555858236783
530708,530708
560097,mr.vet t1
702349,que gặm gà viên
707305,707305
765190,poodle pp 400g
866104,866104
866203,866203
8850477810037,8850477810037
8850477811027,8850477811027
8853301011310,8853301011310
8853301012843,8853301012843
8853301550024,8853301550024
8853301550031,8853301550031
88533015500558853301550017,88533015500558853301550017
8853301550086,8853301550086
8935020300330,8935020300330
8936047718566,8936047718566
8936204291222,8936204291222
8938529672595,8935074630810
9346781050263,9346781050263
CĐCXXX1004,Đồ chơi mèo cào dây cói hình thú(HK)
CVCXXX2006,Chuồng sắt trung dày  mâm 2 cửa(HK)
CVS1001,Cát vệ sinh cho mèo có thành phần bã đậu 2kg hương trà xanh (ACRO PET- Cát vệ sinh mèo Tofu 5L)
CVS1002,Cát vệ sinh cho mèo có thành phần bã đậu 2kg hương lavender (ACRO PET- Cát vệ sinh mèo Tofu 5L)
DYP1010,Bộ dây dắt + đai yếm Police 1 lớp nhỏ
DYP1011,Bộ dây dắt + đai yếm Police 1 lớp trung
DYP1012,Bộ dây dắt + đai yếm Police 1 lớp lớn
DYP1016,Yếm Police bé rời
DYP1017,Yếm Police nhỏ rời
DYP1018,Yếm Police trung rời
DYP1020,Yếm Sapphire 2.0cm
hdthtr2005,Eucalyptyl 100ml/chai
hdthtr2012,Furovet_100ml_Chai
HĐTTKS2033,Bravecto 1000mg
HPKAQU1010-S,Áo lưới Lovely (S)
HPKAQU1026-01,Áo Baby Dog (01)
HPKAQU1026-02,Áo Baby Dog (02)
HPKAQU1026-03,Áo Baby Dog (03)
HPKAQU1026-04,Áo Baby Dog (04)
HPKAQU1026-05,Áo Baby Dog (05)
HPKAQU1026-06,Áo Baby Dog (06)
HPKAQU1026-07,Áo Baby Dog (07)
HPKAQU1026-08,Áo Baby Dog (08)
HPKAQU1026-09,Áo Baby Dog (09)
HPKAQU1026-10,Áo Baby Dog (10)
HPKAQU1026-11,Áo Baby Dog (11)
HPKAQU1026-12,Áo Baby Dog (12)
HPKAQU1026-13,Áo Baby Dog (13)
HPKAQU1026-15,Áo Baby Dog (15)
HPKAQU1026-S,Áo Baby Dog (s)
HPKAQU1027-01,Đầm nơ hạt châu (01)
HPKAQU1027-02,Đầm nơ hạt châu (02)
HPKAQU1027-03,Đầm nơ hạt châu (03)
HPKAQU1027-04,Đầm nơ hạt châu (04)
HPKAQU1027-05,Đầm nơ hạt châu (05)
HPKAQU1027-06,Đầm nơ hạt châu (06)
HPKAQU1027-07,Đầm nơ hạt châu (07)
HPKAQU1027-08,Đầm nơ hạt châu (08)
HPKAQU1027-09,Đầm nơ hạt châu (09)
HPKAQU1027-10,Đầm nơ hạt châu (10)
HPKAQU1027-S,Đầm nơ hạt châu (S)
HPKAQU1028-01,Áo lưới hoạt hình Sport S (01)
HPKAQU1028-02,Áo lưới hoạt hình Sport S (02)
HPKAQU1028-03,Áo lưới hoạt hình Sport S (03)
HPKAQU1028-04,Áo lưới hoạt hình Sport S (04)
HPKAQU1028-05,Áo lưới hoạt hình Sport S (05)
HPKAQU1028-06,Áo lưới hoạt hình Sport S (06)
HPKAQU1028-07,Áo lưới hoạt hình Sport S (07)
HPKAQU1028-08,Áo lưới hoạt hình Sport S (08)
HPKAQU1028-09,Áo lưới hoạt hình Sport S (09)
HPKAQU1028-10,Áo lưới hoạt hình Sport S (10)
HPKAQU1028-11,Áo lưới hoạt hình Sport S (11)
HPKAQU1028-12,Áo lưới hoạt hình Sport S (12)
HPKAQU1028-13,Áo lưới hoạt hình Sport S (13)
HPKAQU1028-14,Áo lưới hoạt hình Sport S (14)
HPKAQU1028-15,Áo lưới hoạt hình Sport S (15)
HPKAQU1028-S,Áo lưới hoạt hình Sport S (S)
HTPPHU1013,Sữa cho mèo cưng CattyMan #1028
HVCXXX1004,Chuồng sắt lớn dày (có mâm)(2 cửa)
HVTKCB1006,Dây truyền dịch AM
HVTKCB1007,Băng lụa Urgo 2.5
HVTXNC1006,Đầu côn xanh
IT13V01,Itra tab 100mg (30 viên/chai)
IT23V01,Itra tab 25mg_Dog (30 viên/chai)
IT23V02,Itra tab 25mg_Cat (30 viên/chai)
KVS1010,Khay vệ sinh chó dẹp
MTH1001,Men Clostop SP 20gr
NHP1006,Gel dưỡng lông hương hoa Hồng Pháp 100ml (Krill)
NHP1007,Gel dưỡng lông hương hoa hồng và linh lan 100ml (Krill)
NHP1008,Gel dưỡng lông hương lavender 100 ml (Krill)
NHP1009,Gel dưỡng lông hương nước hoa 100 ml (Krill)
PC51O01,Prolax (cat)_ống 5ml_Hộp 10 ống
PD51O01,Prolax (dog)_ống 5ml_Hộp 10 ống
PKP1003,Nón bảo hộ chó mèo SP570 số 1  không phụ kiện
PKP1004,Nón bảo hộ chó mèo SP569 số 2 không phu kien
PKP1005,Nón bảo hộ chó mèo SP568 số 3  không phụ kiện
PKP1006,Nón bảo hộ chó mèo SP567 số 4không phụ kiện
PKP1008,Nón bảo hộ chó mèo SP565 số 6không phụ kiện
PKP1009,"Nón bảo hộ chó mèo SP564 số 7, không phụ kiện"
PKP1020,Địu thú cưng size S
PKP1021,Địu thú cưng size M
PKP1022,Địu thú cưng size L
PKP1025,Bàn cào dưa hấu
PKP1028,Khớp si X khóa gài nhỏ
PKP1029,Khớp si X khóa gài trung
PKP1030,Khớp si X khóa gài lớn
PKP1077,Lược lấy lông nút bấm có hộp
PKP1112,Khớp da trung
PKP1116,Khớp da nhỏ
PKP1117,Khớp da lớn
R01,Respicure_60viên/Chai(100mg/v)
SCP1007,Sữa Chó Predogen Gold 400g
SCP1008,Sữa  cho Chó Predogen Gold 100g
SCP1009,Sữa  cho Mèo Precaten Gold 100g
SCP1100,TABS-Birthright Acidified Baby Animal Milk Replacer - 10 Gói
SN1159,Gà miếng sấy 45g
SNC1003,Xương nơ hương sữa 110g #82398
SNC1004,Que gặm hương sữa 120g #82399
SNC1005,Que gặm hương sữa mini 120g #82400
SNC1007,Que gặm hương phô mai size mini 120g #81939
SNC1008,Thanh gà sấy 70g #82102
SNC1009,Sợi gà sấy dẻo 80g #81651
SNC1010,Thanh gà sấy dẻo 80g #81650
SNC1011,Que cuốn thịt gà 10 cây #82059
SNC1012,Que cuốn thịt gà mini 20 cây #82060
SNC1013,Xúc xích gà sấy 80g #82103
SNC1015,Xương cuốn thịt gà #81627
SNC1016,Bánh quy rau củ cho chó size nhỏ 160gr #81996
SNC1018,Miếng gà sấy bổ sung thịt bò 90g #82100
snc1020,SMK-T/a vat Cho huong gan nuong 70g
SNC1020,SMK-T/a vat Cho huong gan nuong 70g
SNC1021,SMK-T/a vat Cho huong bo xong khoi 70g
SNC1022,SMK-T/a vat Cho huong thit ga 70g
SNC1024,SMK-T/a vat Cho - QUE bo xong khoi 70g
SNC1044,THT 525
SNC1051,THT 726
SNC1052,THT 746
SNC1053,THT 767
SNC1054,THT 768
SNC1055,THT 851
SNC1056,THT 852
SNC1057,THT 853
SNC1058,THT 855
SNC1059,THT 861
SNC1060,THT 862
SNC1061,THT 865
SNC1062,THT 903
SNC1063,THT 905
SNC1064,THT 907
SNC1080,Xương nơ hương sữa 25 cây #82296
SNC1081,Que gặm hương bò 120g #81937
SNC1085,Mề gà sấy 70g #81655
SNC1086,Miếng gà sấy bổ sung rau củ 90g #82101
SNC1114,Xương nơ hương gà 5 cây #82168
SNC1127,THT 822
SNC1132,BITE OF WILD CAT GRASS FREEZE-DRIED PET TREATS(40G/BAG)
SNC1137,BITE OF WILD CHICKEN LIVER FREEZE-DRIED PET TREATS (40G/BAG)
SNC1138,BITE OF WILD DUCK FREEZE-DRIED PET TREATS (40G/BAG)
SNC1139,BITE OF WILD RAW FLESH MEAT FREEZE-DRIED PET TREATS(40G/BAG)
SNC1140,BITE OF WILD CHICKEN FREEZE-DRIED PET TREATS(40G/BAG)
SNC1141,BITE OF WILD EGG YOLK FREEZE-DRIED PET TREATS (40G/BAG)
SNC1155,Ức gà miếng hiệu KARL (88g/bag)
SNC1156,Thịt vịt miếng hiệu KARL (118g/bag)
SNC1157,Thịt gà xé mềm hiệu KARL (118g/bag)
SNC1159,Xương nơ hương sữa lớn 2 cây #82267
SNC1163,Banh xuong cho lon vi bo 172G - 7stix
SNC1502,Gan gà cuộn bánh rau củ 90g #82357
SNM1002,ME-O Cat Treat Shrimp Flavour - 50 gm.
SNM1003,"ME-O Cat Treat Tuna, Chicken & Egg Flavour - 50 gm."
STC1001,Smartheart Creamy Dog Treats Chicken & Pumpkin-60g x 24gói
STC1002,Smartheart Creamy Dog Treats Chicken & Carrot-60gx24gói
STC1003,Smartheart Creamy Dog Treats Chicken & Spinach-60gx24gói
STM1001,Súp thưởng INABA CIAO Churu Cá Ngừ Mix Vị Hũ 50 thanh (TSC-11T)
STM1002,Súp thưởng INABA CIAO Churu Thịt Gà Mix Vị Hũ 50 thanh (TSC-12T)
STM1003,Súp thưởng INABA CIAO Churu Hải Sản Mix Vị Hũ 50 thanh (TSC-13T)
STM1004,Súp thưởng INABA CIAO Churu Cá Ngừ với Collagen và Chất Xơ Hũ 50 thanh (TSC-14T)
stm1005,Súp thưởng INABA CIAO Churu Cá Ngừ Maguro (SC-71)
STM1005,Súp thưởng INABA CIAO Churu Cá Ngừ Maguro (SC-71)
STM1006,Súp thưởng INABA CIAO Churu Cá Ngừ với Collagen (SC-74)
stm1009,Súp thưởng INABA CIAO Churu Cá Ngừ Thịt Trắng với Chất Xơ (SC-101 )
STM1009,Súp thưởng INABA CIAO Churu Cá Ngừ Thịt Trắng với Chất Xơ (SC-101 )
STM1014,Me-O Creamy Treats Tuna & Tomato Flavor - 60g ( 24 X 1 / Carton )
STM1015,Me-O Creamy Treats Chicken & Pumpkin Flavor - 60g ( 24 X 1 / Carton )
STM1017,ME-O Creamy Treats Crab Flavor - 60 gm.
STM1021,Me-O Creamy Treats Chicken & Liver With Goat Milk Flavor - 60g ( 24 X 1 / Carton )
STM1030,TAmèo SilverSpoon STC vị cá ngừ 40g
STM1032,TAmèo SilverSpoon STC vị cá hồi 40g
STM1034,TAmèo SilverSpoon STT cá ngừ vằn56g
STM1036,TAmèo SilverSpoon STT vị thịt gà56g
STM1037,TA mèo SilverSpoon STT vị cáhồi 56g
STM1038,TAmèo SilverSpoon STT vị thịt bò56g
STM1039,TA mèo Silver Spoon STT vị tôm 56g
STM1042,MR.VET OMEGA-3 NUTRITION CAT TREATS (60G/BAG)
STM1043,MR.VET PREBIOTICS NUTRITION CAT TREATS (60G/BAG)
STM1044,MR.VET TAURINE NUTRITION CAT TREATS (60G/BAG)
STM1045,Súp thưởng INABA CIAO Churu Cá Ngừ Mix Vị Hũ 100 thanh (TSC-100L)
STM1046,Súp thưởng mix vị Gà - Sữa - Trứng Cá / Cá Ngừ - Gà - Cá Thu #Z1531
STM1047,Súp thưởng mix vị Gà - Sữa Dê - Trứng Cá / Cá Ngừ - Cá Thu - Sò Điệp #Z1532
STM1048,Súp thưởng mix vị Gà - Phô Mai - Trứng Cá / Cá Ngừ - Cá Thu - Cá Trích #Z1533
STP1001,Dầu Tắm FAY 5 Sao - 800ml
STP1003,Sữa Tắm FAY Medicare - 290ml
STP1004,Dầu Tắm FAY 5 Sao - 300ml
STP1009,Dầu Tắm FAY 3 Sao - 800ml
STP1013,Dầu Tắm FAY 4 Sao - 800ml
STP1014,Dầu Tắm FAY Puppy - 800ml
STP1040,Khử Mùi Chuồng Trại FAY Deodor Peppermint - 300ml
STP1041,Dầu Tắm FAY 4 Sao - 200ml
STP1047,Sữa tắm SOS xanh dương lông màu trắng (530ml)
STP1048,Sữa tắm SOS hồng lông mịn (530ml)
STP1049,Sữa tắm dành riêng cho động vật có lông đỏ nhãn hiệu SOS (530ml)
STP1050,Sữa tắm dành riêng cho động vật chống rụng lông nhãn hiệu SOS (530ml)
STP1051,"Sữa tắm dành riêng cho động vật có lông mịn mượt, nhãn hiệu SOS (530ml)"
STP1052,Sữa tắm SOS trắng cho mèo (530ml)
STP5013,Thuốc thú y Dermcare Malaseb Medicated Foarm 250 ml
STP5018,Sữa tắm ướt thú cưng hương hoa hồng và linh lan 580ml
STP5019,Sữa tắm ướt thú cưng hương Lavender 580ml
STP5020,Sữa tắm ướt thú cưng hương nước hoa 580ml
STP5021,Sữa tắm ướt thú cưng hương hoa hồng Pháp 580ml
STP5022,Sữa tắm ướt hương nước hoa-300ml
STP5023,Sữa tắm ướt hương hoa hồng Pháp300ml
STP5024,Sữa tắm ướt hương Lavender-300ml
STP5025,"Sữa tắm ướt thú cưng hỗ trợ trị nấm, viêm da 300ml"
STP5026,"Sữa tắm ướt thú cưng hỗ trợ trị ve, bọ chét 300m"
T16976632560141,T16976632560141
TAC1003,TA hạt cho chó - Maxi Puppy 10kg
TAC1005,TA hạt cho chó - Mini Puppy 2kg
TAC1007,TA hạt cho chó - Mini Adult 8kg
TAC1013,TA hạt cho chó - Chihuahua Adult 500gr
TAC1016,"TA hạt cho chó - Poodle Adult 1,5kg"
TAC1018,"TA hạt cho chó - Poodle Puppy 1,5kg"
TAC1019,"TA hạt cho chó - Diabetic Canin 1,5kg"
TAC1022,TA hạt cho chó - Mini Puppy 800gr
TAC1024,TA hạt cho chó - Mini Adult 800gr
TAC1025,TA hạt cho chó - Mini Adult 2kg
TAC1027,TA hạt cho chó - Medium Adult 4kg
TAC1034,TA hạt cho chó - Renal Canine 2kg
TAC1049,TA hỗn hợp hoàn chỉnh cho chó - ANF 6Free+Indoor Dog Salmon & White Fish 1.6kg
TAC1050,TA hỗn hợp hoàn chỉnh cho chó - ANF 6Free+Indoor Dog Duck & Salmon 1.6kg
TAC1051,TA hỗn hợp hoàn chỉnh cho chó - ANF 6Free+Indoor Dog Lamb & Rice 1.6kg
TAC1057,SmartHeart Puppy Beef & Milk Flavor - 1.3 kg ( 6 x 1 / Carton )
TAC1062,SmartHeart Adult Roast Beef Flavor - 3 kg ( 4 x 1 / Carton )
TAC1063,SmartHeart Adult Dog Lamb And Rice Flavor - 3 kg ( 4 x 1 / Carton )
TAC1064,SmartHeart Puppy Beef & Milk Flavor - 8 kg (400 g X 20)
TAC1065,SmartHeart Small Breeds Roast Beef Flavor - 8 kg (400 g X 20)
TAC1067,A Pro I.Q. Formula - 20 kg (500 g X 40)
TAC1068,Classic Pets Adult Dog Beef Flavour - 20 kg (400 g X 50)
TAC1069,Classic Pets Puppy Milk Flavour - 10 kg (400 g X 25)
TAC1071,Luvcare Puppy Medium Breed - 500 g (500g x18gói)
TAC1073,Luvcare Puppy Small Breed - 2 kg (2kg x6gói)
TAC1074,Luvcare Adult Small Breed - 2 kg (2kg x6gói)
TAC1075,Luvcare Adult Medium Breed Dog - 500 g (500g x18gói)
TAC1076,Thuc An Cho-Vi Bo&rau cu tui 1.5kg_ N
tac1077,TAC1077
TAC1077,Thuc An Cho con-Vi Ga & trung&sua 1.3kg
TAC1078,T.An Cho - vi bo&rau cu tui 500g_N
TAC1079,Thuc An Cho con-Vi Ga & trung&sua 400g
TAC1080,Thuc An Cho-Vi Ga&rau cu tui 1.5kg_ N
TAC1086,Hạt rau chó
TAC1101,TA cho chó-Natural Core ECO1 Lamb 1kg SB
TAC1102,TA cho chó-Natural Core ECO2 Duck 1kg SB
TAC1104,TA cho chó-Natural Core ECO6 Sensitive salmon 1kg
TAC1105,"TAHH cho chó Grandmagic, túi 1kg (12 túi / bao 12kg)"
TAC1136,TA cho chó -Zenith Puppy Chicken - 1.2kg
TAC1137,TA cho chó -Zenith Adult Chicken - 1.2kg
TAC1139,TA cho chó -Zenith Adult Chicken - 3kg
TAC2001,TA dạng sệt cho chó - Renal Canine 410g
TAC2031,Thuc An Cho-Vi Bo nau sot 130g
TAC2033,Thuc An Cho-Vi Ga nau sot 130g_N
TAC2035,Sot cho lon-Vi gan nuong & rau 130g_N
TAC2036,SOT CHO LON-BO HAM VA RAU CU 130G_N
TAC2037,Smartheart Beef & Liver - 400 gm.
TAC2038,SmartHeart Chicken Formula- 400g ( 24 x 1 / Carton )
TAC2039,SmartHeart Chicken Stew With Vegetables- 400g ( 24 x 1 / Carton )
TAC2040,SmartHeart Chicken With Smoked Sausage- 400g ( 24 x 1 / Carton )
TAC2042,SmartHeart Beef Stew With Vegetables- 400g ( 24 x 1 / Carton )
TAC2045,Smartheart Chicken & Liver - 400 gm
TAC2049,Pate chó mèo King's Pet By Bao Anh TA hỗn hợp hoàn chỉnh vị heo rau củ 380g
TAC2050,Pate chó mèo King's Pet by Bao Anh TA hỗn hợp hoàn chỉnh vị bò rau củ 380g
TAC2051,Pate chó mèo King’s Pet TA hỗn hợp hoàn chỉnh vị cá 380g
TAC2052,Pate chó mèo King's Pet TA hỗn hợp hoàn chỉnh vị cá hồi 380g
TAC2053,Pate chó mèo King’s Pet TA hỗn hợp hoàn chỉnh vị gà 380g
TAC2054,Pate chó mèo King's Pet TA hỗn hợp hoàn chỉnh vị gà cá 380g
TAC2057,Pate chó mèo King's Pet by Bao Anh TA hỗn hợp hoàn chỉnh vị gà thơm 380g
TAC2058,Pate chó mèo King's Pet by Bao Anh TA hỗn hợp hoàn chỉnh vị cá kỷ tử 380g
TAC2059,Pate chó mèo King's Pet by Bao Anh TA hỗn hợp hoàn chỉnh vị gà kỷ tử 380g
TAC2081,Smartheart Chicken Flavor Chunk In Gravy 130 gm.
TAC2082,SmartHeart Roasted Duck Flavor 120g (48 x 1/Carton)
TAC2083,SmartHeart Beef Chunk in Gravy Bulgogi Flavor 120g (48 x 1/Carton)
TAC2084,SmartHeart Chicken Chunk in Gravy Teriyaki Flavor 120g (48 x 1/Carton)
TAC2085,SmartHeart Chicken Chunk in Gravy Bacon & Egg Flavor 120g (48 x 1/Carton)
TAC2087,Smartheart Chicken & Liver Flavor In Jelly 130 gm.
TAC2089,SmartHeart Beef Flavor Chunk In Gravy - 130 gm
TAM1001,TA hạt cho mèo - Fit 32 10kg
TAM1002,TA hạt cho mèo - Baby Cat 400gr
TAM1007,TA hạt cho mèo - Baby Cat 2kg
TAM1008,TA hạt cho mèo - Hairball Care 400gr
TAM1009,TA hạt cho mèo - Hairball Care 2kg
TAM1010,TA hạt cho mèo - Hair&Skin Care 400gr
TAM1011,TA hạt cho mèo - Hair&Skin Care 2kg
TAM1015,TA hạt cho mèo - Fit 32 2kg
TAM1016,TA hạt cho mèo - Kitten36 400gr
TAM1017,TA hạt cho mèo - Kitten36 2kg
TAM1018,TA hạt cho mèo - Indoor 27 400gr
TAM1019,TA hạt cho mèo - Indoor 27 2kg
TAM1020,TA hạt cho mèo - Renal Feline 2kg
TAM1021,"TA hạt cho mèo - Urinary S/O Feline 1,5kg"
TAM1030,TA khô hỗn hợp cho mèo hương vị thịt gà Reflex Plus Adult Cat Food Urinary Chicken 1.5kg
TAM1032,TA khô hỗn hợp cho mèo hương vị thịt gà Reflex Plus Kitten Food Chicken 1.5kg
TAM1034,TA  mèo trên 3 tháng tuổi - Catsrang All life stages 400g/túi zip
TAM1035,TA mèo trên 3 tháng tuổi - Catsrang All life stages 2kg/túi
TAM1036,TA mèo từ 4 đến 12 tháng tuổi - Catsrang Kitten 400g/ túi zip
TAM1037,"TA hỗn hợp hoàn chỉnh cho mèo mọi lứa tuổi - Cat's Eye 1,5kg"
TAM1041,"TA  mèo trên 3 tháng tuổi, Catsrang 5kg/túi"
TAM1042,TA hỗn hợp hoàn chỉnh cho mèo - Cats Eye premium 1.5kg
TAM1043,Me-O Cat Seafood - 7 kg (350 g X 20)
TAM1044,Me-O Mackerel - 7 kg (350 g X 20)
TAM1045,Me-O Cat Tuna - 7 kg (350 g X 20)
TAM1046,Me-O Kitten Ocean Fish - 400 g ( 18 x 1 / Carton
TAM1047,Me-O Kitten Ocean Fish - 1.1 kg ( 6 x 1 / Carton )
TAM1050,ME-O Cat Seafood - 1.2 kg* 6 gói.
TAM1053,Me-O Gold Fit and Firm - 1.2 kg ( 6 x 1 / Carton )
TAM1054,Me-O Gold Indoor Cat - 1.2 kg ( 6 x 1 / Carton )
TAM1055,Me-O Gold Persian - 1.2 kg ( 6 x 1 / Carton )
TAM1056,Me-O Gold Kitten - 1.2 kg ( 6 X 1 / Carton)
TAM1057,TA khô hỗn hợp cho mèo hương vị cá hồi. Reflex Plus Adult Cat Food Hairball Salmon 1.5kg
TAM1062,Thuc An Meo-Vi Saba Nuong 1.2kg_2024
TAM1063,Thuc An Meo-Vi Hai San 1.2kg_2024
TAM1064,Thuc An Meo-Vi Ca thu tui 1.2 kg
tam1065,Thuc An Meo vi Ca bien tui 1.2 kg
TAM1065,Thuc An Meo vi Ca bien tui 1.2 kg
TAM1066,Thuc An Meo vi Ca ngu tui 1.2 kg
TAM1069,Thuc An Meo Con-Ca Ngu&Ca Hoi 1.1kg_2024
TAM1070,Thuc An Meo-Vi Ca thu BIS tui 400g
TAM1071,Thuc An Meo-Vi Ca bien BIS tui 400g
TAM1072,TA hỗn hợp hoàn chỉnh cho mèo - ANF 6Free+Indoor Cat Adult 1.6kg
TAM1073,TA hỗn hợp hoàn chỉnh cho mèo nhỏ - Catsrang Kitten 2kg
TAM1083,Hạt rau mèo
TAM1089,TABS cho mèo (hương vị cá ngừ và thịt gà) (Juicy Bites Tuna & Chicken Flavor (USA701A))
TAM1092,TABS cho mèo (hương vị tôm và hải sản) (Juicy Bites Shrimp & Seafood Mix Flavor (USA 704A))
TAM1140,"TA hỗn hợp hoàn chỉnh cho mèo con từ 4 tuần đến 1 năm tuổi, dạng hạt tròn màu nâu chứa đầy thịt gà đông khô PetQ D90K - 200G"
TAM1141,"TA hỗn hợp hoàn chỉnh cho mèo ở mọi lứa tuổi, dạng hạt tròn màu nâu chứa đầy thịt gà đông khô, PetQ D90 - 200g"
TAM2008,TA dạng sệt cho mèo - Urinary Feline S/O 12x85gr
TAM2028,TA ướt cho mèo Snappy Tom Whitemeat Tuna with Flaked Salmon (24 lon x 85g)
TAM2029,TA ướt cho mèo Snappy Tom Whitemeat Chicken With Vegetables In Gravy (24 lon x 85g)
TAM2030,TA ướt cho mèo Snappy Tom Tuna Flakes With Chicken Breast (24 lon x 85g)
TAM2031,TA ướt cho mèo Snappy Tom Whitemeat Tuna With Chicken Breast (24 lon x 85g)
TAM2032,TA ướt cho mèo Snappy Tom BBQ Chicken with Whitefish & Tuna Roe (24 lon x 85g)
TAM2033,TA ướt cho mèo Snappy Tom Grilled Chicken with Prawns in a Tasty Gravy (24 lon x 85g)
TAM2034,"TA ướt cho mèo Snappy Tom Whitemeat Chicken, Whitefish & Tuna Liver (24 lon x 85g)"
TAM2035,TA ướt cho mèo Snappy Tom Chicken with Whitefish (24 lon x 85g)
TAM2039,TA ướt cho mèo Snappy Tom Snappy Tom Tuna with Chicken (24 lon x 400g)
TAM2040,TA ướt cho mèo Snappy Tom Snappy Tom Tuna with Sardine Chunk (24 lon x 400g)
TAM2041,TA ướt cho mèo Snappy Tom Snappy Tom with Lamb Loaf (24 lon x 400g)
TAM2042,TA ướt cho mèo Snappy Tom Snappy Tom with Beef Liver Mince in Gravy (24 lon x 400g)
TAM2043,TA ướt cho mèo Snappy Tom Snappy Tom Chicken with Beef Liver (24 lon x 400g)
TAM2044,TA ướt cho mèo Snappy Tom Snappy Tom Chicken with Tuna Flakes (24 lon x 400g)
TAM2045,TA ướt cho mèo Snappy Tom Snappy Tom Chicken Loaf (24 lon x 400g)
TAM2046,TA ướt cho mèo Snappy Tom Snappy Tom Chicken with Salmon in Gravy (24 lon x 400g)
TAM2047,TA ướt cho mèo Snappy Tom Snappy Tom Chicken with Sardine in Gravy (24 lon x 400g)
TAM2048,TA ướt cho mèo Snappy Tom Sardines in Smoked Salmon Jelly (24 lon x 400g)
TAM2049,TA ướt cho mèo Snappy Tom Wholefish (24 lon x 400g)
TAM2050,TA ướt cho mèo Snappy Tom Sardines with Chiken (24 lon x 400g)
TAM2051,TA ướt cho mèo Snappy Tom Sardine Mince (24 lon x 400g)
TAM2073,Thuc An Meo-Vi Ga 80g 2024
TAM2074,Thuc An Meo-Vi Ga & Ca Hoi 80g 2024
TAM2075,Thuc An Meo con-Vi Ca Hoi 80g 2024
tam2076,Thuc An Meo con-Vi Ga 80g 2024
TAM2076,Thuc An Meo con-Vi Ga 80g 2024
tam2077,TA Meo - Vi ca Saba 80g_New
TAM2077,TA Meo - Vi ca Saba 80g_New
TAM2078,TA Meo - Vi ca ngu va ca trang 80g_New
TAM2079,TA Meo con-Vi Ca thu dang tui 80g_New
TAM2080,TA Meo con-Vi Ca ngu dang tui 80g_New
TAM2081,TA Meo-Vi Ca bien dang tui 80g_New
tam2082,TA Meo-Vi Ca ngu dang tui 80g_New
TAM2082,TA Meo-Vi Ca ngu dang tui 80g_New
TAM2084,TA Meo - Vi ca ngu va thit ga 80g_New
TAM2085,Thuc An Meo-Vi Ca bien lon 400g
TAM2086,Thuc An Meo-Vi Ca moi lon 400g 2024
TAM2087,Thuc An Meo- Vi Ca ngu lon 400g
TAM2088,ME-O Delite Tuna with Bonito in Jelly - 70 g X 48 gói
TAM2089,ME-O Delite Tuna with chicken Flake in Jelly-70g X 48gói
tam2090,ME-O Delite Tuna with crab stick in Jelly-70 g X 48gói
TAM2090,ME-O Delite Tuna with crab stick in Jelly-70 g X 48gói
TAM2092,Me-O Delite Tuna In Jelly - 70 g X 48gói
TAM2099,Me-O Wet Food Tuna In Jelly-80gr x48gói
tam2101,Me-O Wet Food Tuna with White Fish - 80gr x 48gói
TAM2101,Me-O Wet Food Tuna with White Fish - 80gr x 48gói
TAM2102,Me-O Wet Food Sardine with Chicken and Rice - 80gr x 48gói
TAM2137,Ostech Gourmet Tuna Topping Carrot - 400GR
TAM2173,Lon INABA CIAO Thịt Cá Ngừ Trắng xé nhỏ Với Thạch Cá Ngừ Khô (A10 )
TAM2220,Me-O Delite Tuna and Chicken Drumstick Flake in Jelly 70g ( 48 x 1 / Carton)
TAM2221,Me-O Delite Tuna with Shrimp in Gravy 70g ( 48 x 1 / Carton )
TAM2222,Me-O Delite Tuna with Chicken Flake in Gravy - 70g ( 48 x 1 / Carton )
TAM2229,TAMSSpoonthạch cngừ cnvằn gàKCPG60g- MP609
TAM2233,TAmèoSSpoon thạch cngừ & cábào 60g - MP203
TAM2234,TAmèoSSpoon thạch cá ngừ & gà 60g - MP202
TAM2239,"TABS cho mèo hương vị thịt gà, cá ngừ và sò (CIAO Soup Tuna (Maguro) & Scallop Topping Chicken Fillet (IC211))"
TAM2267,MR.VET L-LYSINE NUTRITION CAT POUCH (70G/BAG)
TAM2268,MR.VET OMEGA-3 NUTRITION CAT POUCH (70G/BAG)
TAM2270,MR.VET TUNA NUTRITION CAT POUCH (70G/BAG)
TAM2271,MR.VET SALMON NUTRITION CAT POUCH (70G/BAG)
TAM2272,MR.VET CHICKEN & EGG YOLK NUTRITION CAT POUCH (70G/BAG)
TAM2273,MR.VET CHICKEN & SHRIMP NUTRITION CAT POUCH (70G/BAG)
TAM2274,MR.VET SALMON & PUMPKIN NUTRITION CAT POUCH (70G/BAG)
TAM2275,MR.VET TUNA& CARROT NUTRITION CAT POUCH (70G/BAG)
TAM2276,MR.VET TUNA& CRAB NUTRITION CAT POUCH (70G/BAG)
TAM2285,Ostech Gourmet Original Cat Food - Tuna - 400 GR
TAM2286,Ostech Gourmet Original Cat Food - Tuna Topping Chicken - 400 GR
TAM2289,Ostech Gourmet Original Cat Food - Tuna Topping Shirasu - 400 GR
TAM2290,Ostech Gourmet Original Cat Food - Tuna Topping Kanikama - 400 GR
TAM2293,TAmèoSSpoon thạch vị cngừ KCPG 60g - MP608
TAM2300,MR.VET TUNA &CRAB NUTRITION CANNED CAT FOOD (400G/CAN)
TAM2302,MR.VET SALMON &PUMPKIN NUTRITION CANNED CAT FOOD(400G/CAN)
TAM2305,MR.VET VITAMIN NUTRITION CANNED CAT FOOD (400G/CAN)
TAM2306,MR.VET L-LYSINE NUTRITION CANNED CAT FOOD (400G/CAN)
TAM2307,MR.VET OMEGA-3 NUTRITION CANNED CAT FOOD (400G/CAN)
TAM2319,Thuc An Meo-Vi Ca Ngu & Ca Hoi 70g_2026
TAM2320,Thuc An Meo-Vi ca Bien &Tom 70g_2026
TAM2321,Thuc An Meo-Vi Ca Ngu & Ca Thu 70g_2026
TAM2322,Thuc An Meo-Vi Ca Thu & Ca Hoi 80g_2026
TCN1012,BIO-HEPATOL + B12 INJ-100ml/lọ
TCN1013,TABS RenoVet
TCN1014,TA Omega 3 _ 90 viên (VetActiv8 Omega 3)
TCN2000,"DOCA Lyte_6,8g_Gói(Pet) GOI"
TCN2001,Probisol 5g Gói(Pets)
TCN2003,Nuvita Gel 120g Tube(nhôm vàng)
TCN2005,Bromhexine Oral_30ml_Chai(Pets)
TCN2009,DiarAid (Dog) - ống 3ml- hộp 3 ống
TCN2012,Calcium delight (cat)_2.5mlx20
TCN2013,Calcium delight (dog)_5mlx20
TCN2014,BIOTIC - 5g/Gói
TCN2025,Pet Liver - KLT 350mg (4 vỉ x 10 Viên)
TCN2063,Dầu Cá Hồi Omega Oil For Pet (Mèo) 150ml Q8
TCN2072,TABS 120g (Hairball) (KC87927)
TCN2085,Thuốc Thú Y - BROM MAX (Hộp/15g)
TGV2020,NEXGARD SPECTRA 0.5G- Hộp 03 viên (XS 2-3.5kg)
TGV2021,NEXGARD SPECTRA 1G- Hộp 03 viên (S >3.5-7.5kg)
TGV2022,NEXGARD SPECTRA 2G- Hộp 03 viên (M >7.5-15kg)
TGV2025,NEXGARD COMBO for CAT 0.3ML(<2.5kg)
TGV2028,NEXGARD DOG L 6 68MG (10-25kg)
TGV2031,Bravecto 250mg
TGV2032,Bravecto 500mg
TGV2033,Bravecto 1000mg
TGV2039,"Iverguard chó 11,6–22,5kg (6 viên/vĩ/hộp)"
TGV2040,"Iverguard chó 5,6–11,5kg_(6 viên/vĩ/hộp)"
TGV2041,"Iverguard chó 2,5–5,5kg (6 viên/vĩ/hộp)"
TH 768,TH 768
TKS2001,Respicure_10viên/Hộp(50mg/v)
TKS2005,Revital (3.6mg-dog)(5 viên/vĩ_hộp 2 vĩ)
TKS2007,Revital (5.4 mg - dog)(5 viên/vĩ_hộp 2 v
TKS2015,Clamox Tab_10viên/Hộp
TKS2016,Clamox Tab_20viên/Hộp(50mg/viên)
TKS2017,REVITAL (16mg-DOG)_(5 viên/vĩ- hộp 2 vĩ)
TKS3013,Thuốc thú y Biopirox 10 mg/ml
TQP1019,"Bỉm quần dùng một lần cho thú cưng cái, size L, nhãn hiệu Kamt, đóng 40pcs/thùng, 1pcs=1 gói, mới 100%"
TQP1020,"Bỉm quần dùng một lần cho thú cưng cái, size S, nhãn hiệu Kamt, đóng 40pcs/thùng, 1pcs=1 gói, mới 100%"
TQP1022,"Bỉm quần dùng một lần cho thú cưng đực, size M, nhãn hiệu Kamt, đóng 40pcs/thùng, 1pcs=1 gói, mới 100%"
TQP1023,"Bỉm quần dùng một lần cho thú cưng cái, size M, nhãn hiệu Kamt, đóng 40pcs/thùng, 1pcs=1 gói, mới 100%"
TQP1024,"Bỉm quần dùng một lần cho thú cưng đực, size S, nhãn hiệu Kamt, đóng 40pcs/thùng, 1pcs=1 gói, mới 100%"
TTP1089,Áo kẻ sọc Bear size 11
TTP1090,Áo kẻ sọc Bear size 12
TTP1091,Áo kẻ sọc Bear size 13
TTP1092,Áo kẻ sọc Bear size 14
TTP1093,Áo kẻ sọc Bear size 15
TTP1101,Áo nón phối tay thêu hoạt hình size 10
TTP1127,Áo Baby Nice size 10
TTP1128,Áo Baby Nice size 11
TTP1192,Áo Baby Nice size 12
TTP1193,Áo Baby Nice size 13
TTP1194,Áo Baby Nice size 14
TTP1195,Áo Baby Nice size 15
TTP1336,Áo Capybara size 10
TTP1338,Áo sát nách sọc cổ sen size 10
TTP1343,Áo kẻ sọc Bear size 10
TTP1363,Áo gấu cổ V size 10
TTP1370,Áo địu gấu size 10
TTP1425,Áo địu gấu size 13
TTP1434,Áo địu gấu size 12
TTP1435,Áo địu gấu size 14
TTP1436,Áo địu gấu size 15
TTP1452,Áo lưới Lovely size 10
TTP1453,Áo lưới Lovely size 11
TTP1454,Áo lưới Lovely size 12
TTP1455,Áo lưới Lovely size 13
TTP1456,Áo lưới Lovely size 14
TTP1457,Áo lưới Lovely size 15
TTP1458,Áo Capybara size 12
TTP1459,Áo Capybara size 13
TTP1460,Áo Capybara size 14
TTP1461,Áo Capybara size 15
TVC1006,TÚI NYLON TRUNG
TVC1011,"TÚI CÓ QUAI ĐEO VÀ TAY CẦM CHO VẬT NUÔI SP1062, BẰNG VẢI POLYESTER, KÍCH THƯỚC 32X23X40"
VAC1001,VẮC XIN THÚ Y - VANGUARD PLUS 5/CV-L ( 1 DOSE )
VAC1002,VẮC XIN THÚ Y - VANGUARD PLUS 5 ( 1 DOSE 1ML 1'S)
VAC1003,VẮC XIN THÚ Y - VANGUARD RABIES 3 YEAR (1 DOSE)
VAC1005,HIPRADOG-7 1 ds
VAC1006,RECOMBITEK FL C6/CV 1ds
VCP1024,Gối chống liếm trái cây 1
VCP1028,Gối chống liếm trái cây 5
