"Mã nhóm / tiền tố","Tình trạng","Ngành suy ra","Nhóm hàng","Số mã","Mã ví dụ","Tên ví dụ"
"TTP","Mã ngắn mới — tạm ánh xạ, cần đưa vào Quy_tac_HV","TT","Hàng hóa","369","TTP1009 | TTP1010 | TTP1011 | TTP1012 | TTP1013","Áo kẻ sọc Bear size S | Áo kẻ sọc Bear size 1 | Áo kẻ sọc Bear size 2 | Áo kẻ sọc Bear size 3 | Áo kẻ sọc Bear size 4"
"PKP","Mã ngắn mới — tạm ánh xạ, cần đưa vào Quy_tac_HV","PK","Hàng hóa","124","PKP1028 | PKP1029 | PKP1030 | PKP1033 | PKP1034","Khớp si X khóa gài nhỏ | Khớp si X khóa gài trung | Khớp si X khóa gài lớn | Khớp mõm nhựa 1 | Khớp mõm nhựa 2"
"NCP","Mã ngắn mới — tạm ánh xạ, cần đưa vào Quy_tac_HV","PK","Hàng hóa","82","NCP1001 | NCP1002 | NCP1003 | NCP1004 | NCP1005","Thảm nệm tròn size 45cm | Thảm nệm tròn size 60cm | Ổ nệm tròn 16cm*45cm | Nệm vuông size 1 (45*35) | THẢM LÔNG CN1 L"
"DCP","Mã ngắn mới — tạm ánh xạ, cần đưa vào Quy_tac_HV","DC","Hàng hóa","77","DCP1013 | DCP1014 | DCP1015 | DCP1016 | DCP1017","Khúc xương nhựa | Đồ chơi thú bông cho chó hình con thỏ Fofos - DCF18879 | Đồ chơi thú bông cho chó hình con gấu Fofos - DCF18880 | Đồ chơi thú bông cho chó hình con sư tử Fofos - DCF18881 | Đồ chơi thú bông cho chó hình con khỉ Fofos - DCF18882"
"TGV","Mã ngắn mới — tạm ánh xạ, cần đưa vào Quy_tac_HV","YT","Thuốc","42","TGV2001 | TGV2002 | TGV2003 | TGV2004 | TGV2017","ENDOGARD 10 | NOMECTO 45 MG_Viên nhai mềm (HỘP 1 VIÊN) | NOMECTO 100 MG_Viên nhai mềm (HỘP 1 VIÊN | NOMECTO 200 MG_Viên nhai mềm (HỘP 1 VIÊN | MILPRO 2.5MG/25MG"
"PTT","Mã ngắn mới — tạm ánh xạ, cần đưa vào Quy_tac_HV","TA","Hàng hóa","42","PTT1001 | PTT1002 | PTT1003 | PTT1004 | PTT1005","PATE CÁ COLLAGEN HỘP 500GR | PATE GÀ CÁ HỘP 500GR | PATE GÀ COLLAGEN HỘP 500GR | PATE CÁ NƯỚC NGỌT | PATE CÁ SABA"
"VCP","Mã ngắn mới — tạm ánh xạ, cần đưa vào Quy_tac_HV","PK","Hàng hóa","35","VCP1006 | VCP1007 | VCP1014 | VCP1015 | VCP1016","Vòng cổ Elizabeth 5 | Vòng cổ Elizabeth 6 | Vòng cổ Elizabeth 1 | Vòng cổ Elizabeth 2 | Vòng cổ Elizabeth 3"
"DYP","Mã ngắn mới — tạm ánh xạ, cần đưa vào Quy_tac_HV","PK","Hàng hóa","24","DYP1001 | DYP1004 | DYP1005 | DYP1006 | DYP1007","Dắt yếm hoa văn nhỏ (Chuông) | Dắt yếm hoa văn trung (vỉ lẻ) (chuông) | Dắt yếm hoa văn lớn (vỉ lẻ) (chuông) | Dây yếm Lucky size 2.5cm | Dây yếm Lucky size 2.0cm"
"VSP","Mã ngắn mới — tạm ánh xạ, cần đưa vào Quy_tac_HV","VS","Hàng hóa","11","VSP1005 | VSP1001 | VSP1002 | VSP1003 | VSP1004","Giảm hôi miệng cho chó 8Oz-DF Dog Orig | Dung dịch vệ sinh 80ml- good pp | Dung dịch rửa tai 100ml- good ears | DUNG DỊCH VỆ SINH TAI PRUNUS AROMA EAR CLEANSER 120ML | Làm sạch răng 8Oz-DF Plaque & Tartar"
"ĐT","Mã ngắn mới — tạm ánh xạ, cần đưa vào Quy_tac_HV","DV","Dịch vụ","10","ĐT001 | ĐT002 | ĐT003 | ĐT004 | ĐT005","DV Khám, chữa bệnh | Siêu âm | DV tiêm phòng (DẠI) | DV Phẫu thuật | Lưu bệnh dưới 3Kg"
"GR","Mã ngắn mới — tạm ánh xạ, cần đưa vào Quy_tac_HV","DV","Dịch vụ","10","GR001 | GR002 | GR003 | GR004 | GR005","DV Combo Tắm + Cắt | DV Combo Tắm + Cạo | DV Tắm | DV Cắt lông | DV Cạo lông"
"DDP","Mã ngắn mới — tạm ánh xạ, cần đưa vào Quy_tac_HV","PK","Hàng hóa","10","DDP1001 | DDP1003 | DDP1004 | DDP1005 | DDP1006","Dắt dù hoa văn nhỏ (Chuông) | Dắt dù hoa văn lớn (Chuông) | Dắt dù hoa văn trung (vỉ lẻ) (chuông) | Bộ dây dắt + vòng cổ Police 1 lớp nhỏ | Bộ dây dắt + vòng cổ Police 1 lớp trung"
"DXC","Mã ngắn mới — tạm ánh xạ, cần đưa vào Quy_tac_HV","PK","Hàng hóa","10","DXC1001 | DXC1002 | DXC1003 | DXC1004 | DXC1005","Xích inox bé 2 móc | Xích inox nhỏ 2 móc | Xích inox trung 2 móc | Xích inox vuông 2ly 2 móc | Xích inox vuông 3ly 2 móc"
"MHCTKM","Nhóm HH (ký tự 2–3) ngoài quy ước","TA","Hàng hóa","7","MHCTKM1001 | MHCTKM1002 | MHCTKM1003 | MHCTKM1004 | MHCTKM1005","Me-O Senior Cat Mackerel Flavour - 400g ( 18 x 1 / Carton ) | Pure Nature mèo chicken 200g (KM) | Pure Nature mèo salmon 200g (KM) | Pure Nature mèo Diet 200g (KM) | TA mèo Cature Easy Farm Fish Recipe 1.5kg"
"KMX","Mã ngắn mới — tạm ánh xạ, cần đưa vào Quy_tac_HV","VS","Hàng hóa","7","KMX1001 | KMX1002 | KMX1003 | KMX1004 | KMX1005","Chai xịt khử mùi Bioion Pets Pounce 500ml, hương Tự nhiên (Không mùi) | Chai xịt khử mùi Bioion Pets Pounce 500ml, hương Ocean | Chai xịt khử mùi Bioion Pets Pounce 500ml, hương Floral | Chai xịt khử mùi Bioion Pets Pounce 500ml,hương Sakura | Xịt khử mùi - Deodorant Natural & Clean - 500ml"
"CHCTKM","Nhóm HH (ký tự 2–3) ngoài quy ước","TA","Hàng hóa","6","CHCTKM1001 | CHCTKM1002 | CHCTKM1003 | CHCTKM1004 | CHCTKM1005","TA hạt Healthy Choice chó con 1.5kg | TA hạt Healthy Choice  chó  giống vừa & lớn 1.5kg | Pure nature chó Duck and Potatoes 200g (KM) | Pure nature chó Salmon and Potatoes 200g (KM) | Pure nature chó Lamb and Sweet Potatoes 200g (KM)"
"HVTGTX","Nhóm HV 6 chữ chưa có trong quy ước","VT","Hàng hóa","6","HVTGTXCB01 | HVTGTXCB02 | HVTGTXCB03 | HVTGTXKB01 | HVTGTXKB02","Găng tay cao su y tế có bột cỡ S | Găng tay cao su y tế có bột cỡ M | Găng tay cao su y tế có bột cỡ L | Găng tay cao su y tế không bột cỡ S | Găng tay cao su y tế không bột cỡ M"
"NVS","Mã ngắn mới — tạm ánh xạ, cần đưa vào Quy_tac_HV","PK","Hàng hóa","6","NVS1001 | NVS1002 | NVS1003 | NVS1004 | NVS1005","Nhà vệ sinh mèo hai cửa, kích thước 52*40*64cm, | Nhà vệ sinhchó mèo TOILT LS229-1, kt 57x45x4.5cm | Nhà vệ sinhmèo, model: 0192, kích thước:45*34*39cm, | Nhà vệ sinh mèo hình tai thỏ CAT LITTER BOX(191) . | Nhà vệ sinh mèo, kích thước 48*35*36cm, kèm xẻng"
"KMG","Mã ngắn mới — tạm ánh xạ, cần đưa vào Quy_tac_HV","VS","Hàng hóa","5","KMG1001 | KMG1003 | KMG1004 | KMG1002 | KMG1005","Khăn ướt Bioion Pets Pounce Wet Wipes chó | Khăn ướt Nade Nade cho chó | Khăn ướt Nade Nade cho chó-Không mùi | Khăn ướt Bioion Pets Pounce Wet Wipes mèo | Khăn ướt Nade Nade cho mèo-Không mùi"
"THT","Mã ngắn mới — tạm ánh xạ, cần đưa vào Quy_tac_HV","YT","Thuốc","4","THT1003 | THT1004 | THT1000 | THT1001","Thuốc thú y ANTIMEDIN 10ML | Lindocain 5ml Chai | Vime-LAZIN_20ml_Chai | ZOLETIL 50"
"CTKMTK","Nhóm HH (ký tự 2–3) ngoài quy ước","VS","Hàng hóa","4","CTKMTK1001 | CTKMTK1002 | CTKMTK1003 | CTKMTK1004","ST YÚ hương Vải Thiều 50ml | ST YÚ hương Hoa Lan 50ml | Thùng bán nguyệt chó 2kg (HTK) | Thùng bán nguyệt mèo 2kg (HTK)"
"IT","Mã ngắn mới — tạm ánh xạ, cần đưa vào Quy_tac_HV","YT","Thuốc","3","IT13V01 | IT23V01 | IT23V02","Itra tab 100mg (30 viên/chai) | Itra tab 25mg_Dog (30 viên/chai) | Itra tab 25mg_Cat (30 viên/chai)"
"TST","Mã ngắn mới — tạm ánh xạ, cần đưa vào Quy_tac_HV","VS","Hàng hóa","2","TST2000 | TST2001","Vimekon_20g_Gói(pets) | BIOKON - 30g/gói"
"KB","Mã ngắn mới — tạm ánh xạ, cần đưa vào Quy_tac_HV","VS","Hàng hóa","2","KB01 | KB02","EL300100 Bayopet Conditioning Shampoo | EL300101 Bayopet Moisturizing and Antiseptic Shampoo"
"LC","Mã ngắn mới — tạm ánh xạ, cần đưa vào Quy_tac_HV","DV","Dịch vụ","2","LC001 | LC002","Lưu chuồng dưới 3Kg | Lưu chuồng dưới 3Kg (lễ tết)"
"HTK","Mã ngắn mới — tạm ánh xạ, cần đưa vào Quy_tac_HV","TA","Hàng hóa","2","HTK1001 | HTK1002","FOC_TA Meo-Vi Ga & Ca Hoi 80g 2024(hàng tặng) | FOC_TA Meo con-Vi Ca ngu tui 80g - 2024( hàng tặng)"
"PD","Mã ngắn mới — tạm ánh xạ, cần đưa vào Quy_tac_HV","YT","Thuốc","1","PD51O01","Prolax (dog)_ống 5ml_Hộp 10 ống"
"CQTANA","Nhóm HH (ký tự 2–3) ngoài quy ước","VT","Hàng hóa","1","CQTANA0000","Que test Anaplasma"
"CQTBAB","Nhóm HH (ký tự 2–3) ngoài quy ước","VT","Hàng hóa","1","CQTBAB0000","Que test Babesia"
"CQTCCV","Nhóm HH (ký tự 2–3) ngoài quy ước","VT","Hàng hóa","1","CQTCCV0000","Que test CCV"
"CQTCDV","Nhóm HH (ký tự 2–3) ngoài quy ước","VT","Hàng hóa","1","CQTCDV0000","Que test CDV"
"CQTCPV","Nhóm HH (ký tự 2–3) ngoài quy ước","VT","Hàng hóa","1","CQTCPV0000","Que test CPV"
"CQTECA","Nhóm HH (ký tự 2–3) ngoài quy ước","VT","Hàng hóa","1","CQTECA0000","Que test E.canis"
"CQTIGE","Nhóm HH (ký tự 2–3) ngoài quy ước","VT","Hàng hóa","1","CQTIGE0000","Chất thử thí nghiệm CaAllergen IgE, code VIB-CAIGE dùng trong phòng thí nghiệm"
"CQTMCP","Nhóm HH (ký tự 2–3) ngoài quy ước","VT","Hàng hóa","1","CQTMCP0000","105-00254A-00 Test Canine Pancreatic Lipase (cPL) dùng cho máy phân tích miễn dịch thú y (Mindray)"
"CQTMCR","Nhóm HH (ký tự 2–3) ngoài quy ước","VT","Hàng hóa","1","CQTMCR0000","105-00252A-00 Test Canine C-Reactive Protein (cCRP) dùng cho máy phân tích miễn dịch thú y (Mindray)"
"CQTMCT","Nhóm HH (ký tự 2–3) ngoài quy ước","VT","Hàng hóa","1","CQTMCT0000","105-00264A-00 Test Canine Thyroid-Stimulating Hormone (cTSH) dùng cho máy phân tích miễn dịch thú y (Mindray)"
"CQTMSD","Nhóm HH (ký tự 2–3) ngoài quy ước","VT","Hàng hóa","1","CQTMSD0000","105-00273A-00 Test Canine Symmetric Dimethylarginine (cSDMA) dùng cho máy phân tích miễn dịch thú y (Mindray)"
"CQTMT","Tiền tố mã ngắn chưa có ánh xạ","KHAC","Chưa rõ","1","CQTMT40000","105-00263A-00 Test Canine Thyroxine (CT4) dùng cho máy phân tích miễn dịch thú y (Mindray)"
"CQTVCC","Nhóm HH (ký tự 2–3) ngoài quy ước","VT","Hàng hóa","1","CQTVCC0000","Vcheck cCortisol"
"CQTVCP","Nhóm HH (ký tự 2–3) ngoài quy ước","VT","Hàng hóa","1","CQTVCP0000","Vcheck cPL 2.0"
"CQTVCT","Nhóm HH (ký tự 2–3) ngoài quy ước","VT","Hàng hóa","1","CQTVCT0000","Vcheck cTSH"
"CTHPHU","Nhóm HH (ký tự 2–3) ngoài quy ước","TA","Hàng hóa","1","CTHPHU1001","Goodies hình xương tổng hợp"
"SN","Mã ngắn mới — tạm ánh xạ, cần đưa vào Quy_tac_HV","TA","Hàng hóa","1","SN1159","Gà miếng sấy 45g"
"VFS","Mã ngắn mới — tạm ánh xạ, cần đưa vào Quy_tac_HV","TA","Hàng hóa","1","VFS01","VEGGIEDENT FR3SH S"
"DTP","Mã ngắn mới — tạm ánh xạ, cần đưa vào Quy_tac_HV","YT","Thuốc","1","DTP1002","AA-Vicom - 500ml"
"TAN","Mã ngắn mới — tạm ánh xạ, cần đưa vào Quy_tac_HV","YT","Thuốc","1","TAN2057","Pet - ATP 3+ - KLT 600mg (4 vỉ x 10 Viên)"
"HKSĐAC","Nhóm HH (ký tự 2–3) ngoài quy ước","VT","Hàng hóa","1","HKSĐAC0000","Amoxicillin/clavulanic acid 20/10µg (Ac)"
"HKSĐAK","Nhóm HH (ký tự 2–3) ngoài quy ước","VT","Hàng hóa","1","HKSĐAK0000","Amikacin 30µg (Ak)"
"HKSĐAS","Nhóm HH (ký tự 2–3) ngoài quy ước","VT","Hàng hóa","1","HKSĐAS0000","Ampicillin/sulbactam 10/10µg (As)"
"HKSĐAZ","Nhóm HH (ký tự 2–3) ngoài quy ước","VT","Hàng hóa","1","HKSĐAZ0000","Azithromycin 15µg   (Az)"
"HKSĐBT","Nhóm HH (ký tự 2–3) ngoài quy ước","VT","Hàng hóa","1","HKSĐBT0000","Trimethoprime/Sufamethoxazole 23,75/1,25ug (Bt)"
"HKSĐCI","Nhóm HH (ký tự 2–3) ngoài quy ước","VT","Hàng hóa","1","HKSĐCI0000","Ciprofloxacin 5µg (Ci)"
"HKSĐCP","Nhóm HH (ký tự 2–3) ngoài quy ước","VT","Hàng hóa","1","HKSĐCP0000","Cephalexin 30µg (Cp)"
"HKSĐCS","Nhóm HH (ký tự 2–3) ngoài quy ước","VT","Hàng hóa","1","HKSĐCS0000","Cefoperazone/sulbactam 75/10µg (Cs)"
"HKSĐCT","Nhóm HH (ký tự 2–3) ngoài quy ước","VT","Hàng hóa","1","HKSĐCT0000","Cefotaxime 30ug (Ct)"
"HKSĐCX","Nhóm HH (ký tự 2–3) ngoài quy ước","VT","Hàng hóa","1","HKSĐCX0000","Ceftriaxone 30µg (Cx)"
"HKSĐDX","Nhóm HH (ký tự 2–3) ngoài quy ước","VT","Hàng hóa","1","HKSĐDX0000","Doxycycline 30ug (Dx)"
"HKSĐEF","Nhóm HH (ký tự 2–3) ngoài quy ước","VT","Hàng hóa","1","HKSĐEF0000","Enrofloxacin 5µg (Ef)"
"HKSĐFR","Nhóm HH (ký tự 2–3) ngoài quy ước","VT","Hàng hóa","1","HKSĐFR0000","Nitrofurantoin 300µg (Fr)"
"HKSĐIM","Nhóm HH (ký tự 2–3) ngoài quy ước","VT","Hàng hóa","1","HKSĐIM0000","Imipenem 10µg (Im)"
"HKSĐLI","Nhóm HH (ký tự 2–3) ngoài quy ước","VT","Hàng hóa","1","HKSĐLI0000","Linezolid 30µg (Li)"
"HKSĐLV","Nhóm HH (ký tự 2–3) ngoài quy ước","VT","Hàng hóa","1","HKSĐLV0000","Levofloxacin 5µg (Lv)"
"HKSĐMA","Nhóm HH (ký tự 2–3) ngoài quy ước","VT","Hàng hóa","1","HKSĐMA0000","Marbofloxacin 5µg (Ma)"
"HKSĐMC","Nhóm HH (ký tự 2–3) ngoài quy ước","VT","Hàng hóa","1","HKSĐMC0000","Máu Cừu"
"HKSĐME","Nhóm HH (ký tự 2–3) ngoài quy ước","VT","Hàng hóa","1","HKSĐME0000","Meropenem 10µg (Me)"
"HKSĐNL","Nhóm HH (ký tự 2–3) ngoài quy ước","VT","Hàng hóa","1","HKSĐNL0000","Netilmicin 30µg (Nl)"
"HKSĐNR","Nhóm HH (ký tự 2–3) ngoài quy ước","VT","Hàng hóa","1","HKSĐNR0000","Norfloxacin 10µg (Nr)"
"HKSĐOF","Nhóm HH (ký tự 2–3) ngoài quy ước","VT","Hàng hóa","1","HKSĐOF0000","Ofloxacin 5µg (Of)"
"HKSĐPT","Nhóm HH (ký tự 2–3) ngoài quy ước","VT","Hàng hóa","1","HKSĐPT0000","Piperacillin/tazobactam 100/10µg (Pt)"
"HKSĐRF","Nhóm HH (ký tự 2–3) ngoài quy ước","VT","Hàng hóa","1","HKSĐRF0000","Rifampicin 5µg (Rf)"
"HKSĐTB","Nhóm HH (ký tự 2–3) ngoài quy ước","VT","Hàng hóa","1","HKSĐTB0000","Tobramycin 10µg (Tb)"
"HKSĐTC","Nhóm HH (ký tự 2–3) ngoài quy ước","VT","Hàng hóa","1","HKSĐTC0000","Ticarcillin/clavulanic acid 75/10µg (Tc)"
"HKSĐTE","Nhóm HH (ký tự 2–3) ngoài quy ước","VT","Hàng hóa","1","HKSĐTE0000","Tetracycline 30ug (Te)"
"HKSĐVA","Nhóm HH (ký tự 2–3) ngoài quy ước","VT","Hàng hóa","1","HKSĐVA0000","Vancomycin 30µg (Va)"
"DDOP","Mã ngắn mới — tạm ánh xạ, cần đưa vào Quy_tac_HV","PK","Hàng hóa","1","DDOP1008","Dây dắt hộp PocketWalker (5kg) màu vàng #92517"
"TLCM","Mã ngắn mới — tạm ánh xạ, cần đưa vào Quy_tac_HV","PK","Hàng hóa","1","TLCM01","THẢM LÔNG CN1 M"
"HQTLEP","Nhóm HH (ký tự 2–3) ngoài quy ước","VT","Hàng hóa","1","HQTLEP0000","Que test Leptospiria"
"HQTTĐH","Nhóm HH (ký tự 2–3) ngoài quy ước","VT","Hàng hóa","1","HQTTĐH0000","Que thử dùng cho máy đo đường huyết thú y VQPET H (VivaChek, Trung Quốc)"
"HQTTNT","Nhóm HH (ký tự 2–3) ngoài quy ước","VT","Hàng hóa","1","HQTTNT0000","Que thử nước tiểu 15 thông số dùng cho máy UA-60V (Mindray)"
"HQTVSD","Nhóm HH (ký tự 2–3) ngoài quy ước","VT","Hàng hóa","1","HQTVSD0000","Vcheck SDMA"
"HQTVT","Tiền tố mã ngắn chưa có ánh xạ","KHAC","Chưa rõ","1","HQTVT40000","Vcheck T4"
"PC","Mã ngắn mới — tạm ánh xạ, cần đưa vào Quy_tac_HV","YT","Thuốc","1","PC51O01","Prolax (cat)_ống 5ml_Hộp 10 ống"
"MQTFCV","Nhóm HH (ký tự 2–3) ngoài quy ước","VT","Hàng hóa","1","MQTFCV0000","Que test FCV"
"MQTFEL","Nhóm HH (ký tự 2–3) ngoài quy ước","VT","Hàng hóa","1","MQTFEL0000","Que test FeLV"
"MQTFHV","Nhóm HH (ký tự 2–3) ngoài quy ước","VT","Hàng hóa","1","MQTFHV0000","Que test FHV"
"MQTFIV","Nhóm HH (ký tự 2–3) ngoài quy ước","VT","Hàng hóa","1","MQTFIV0000","Que test FiV"
"MQTFPL","Nhóm HH (ký tự 2–3) ngoài quy ước","VT","Hàng hóa","1","MQTFPL0000","Vcheck fPL 2.0"
"MQTFPV","Nhóm HH (ký tự 2–3) ngoài quy ước","VT","Hàng hóa","1","MQTFPV0000","Que test FPV"
"MQTIGE","Nhóm HH (ký tự 2–3) ngoài quy ước","VT","Hàng hóa","1","MQTIGE0000","Chất thử thí nghiệm FeAllergen IgE, code VIB-FAIGE dùng trong phòng thí nghiệm"
"TACM","Mã ngắn mới — tạm ánh xạ, cần đưa vào Quy_tac_HV","TA","Hàng hóa","1","TACM1085","TA hỗn hợp hoàn chỉnh cho mèo - ANF 6Free+Indoor Cat Kitten 1.6kg"
"MTH","Tiền tố mã ngắn chưa có ánh xạ","KHAC","Chưa rõ","1","MTH1001","Men Clostop SP 20gr"
"R","Tiền tố mã ngắn chưa có ánh xạ","KHAC","Chưa rõ","1","R01","Respicure_60viên/Chai(100mg/v)"